<?xml version="1.0" encoding="UTF-8"?>
<!DOCTYPE toc SYSTEM "../../../../lib/pkp/dtd/helpToc.dtd">

<!--
  * 000001.xml
  *
  * Copyright (c) 2013-2019 Simon Fraser University
  * Copyright (c) 2003-2019 John Willinsky
  * Distributed under the GNU GPL v2. For full terms see the file docs/COPYING.
  *
  * table of contents for Journal Management - Management Pages. 
  *
  -->

<toc id="journal/toc/000001" locale="vi_VN" title="Các trang quản lý" parent_topic="journal/topic/000001">
	<topic id="journal/topic/000010" title="Duyệt file" />
	<topic id="journal/topic/000005" title="Các chuyên mục tạp chí" />
	<topic id="journal/topic/000007" title="Ngôn ngữ" />
	<topic id="journal/topic/000029" title="Ban Biên tập" />
	<topic id="journal/topic/000006" title="Email tạo sẵn" />
	<topic id="journal/topic/000009" title="Công cụ đọc" />
	<topic id="journal/topic/000004" title="Thiết lập" />
	<topic id="journal/topic/000008" title="Thống kê &amp; Báo cáo" />
	<topic id="journal/topic/000025" title="Đơn đặt tạp chí" />
	<topic id="journal/topic/000034" title="Thông báo" />
	<topic id="journal/topic/000030" title="Công cụ phụ trợ " />
	<topic id="journal/topic/000031" title="Nhập/Xuất dữ liệu" />

	<breadcrumb url="journal/topic/000000" title="Quản lý Tạp chí" />
	<breadcrumb url="journal/topic/000001" title="Các trang quản lý" />
</toc>
