<?xml version="1.0" encoding="UTF-8"?>
<!DOCTYPE topic SYSTEM "../../../../lib/pkp/dtd/helpTopic.dtd">

<!--
  * 000004.xml
  *
  * Copyright (c) 2013-2019 Simon Fraser University
  * Copyright (c) 2003-2019 John Willinsky
  * Distributed under the GNU GPL v2. For full terms see the file docs/COPYING.
  *
  * Author Submission Process - Supplementary Files 
  *
  -->

<topic id="submission/topic/000004" locale="en_US" title="Supplementary Files" toc="submission/toc/000000" key="submission.supplementaryFiles">
	<section>
		<![CDATA[<p>The Author is able to upload the Supplementary Files in Step 4 of the Submission Process. The Supplementary Files are intended to include research data sets, research instruments, source texts or other materials that might otherwise form an appendix to the submission but warrant being treated as separate documents as they may have value on their own merits. In addition, the Author will index Supplementary Files independently of the submission thus enabling the Files to be part of a larger index and to be found by those looking for these particular type of items.</p><p><em>Supplementary File formats</em>. Supplementary Files are also uploaded in their original file format &mdash; and on which there are no restrictions &mdash; and remain in that format, as opposed to the rest of the submission which must be in a standard manuscript format and will be transposed into a standard publication format. This means that data sets that are available in spread-sheets or flash demonstrations can be uploaded and preserved in that format; this may pose challenges for readers. Authors need to take this into account perhaps by providing, in the description of the Supplementary File, where freely downloadable software is available to open and view the Supplementary File can be found.</p>]]>	
	</section>
</topic>
