<?xml version="1.0" encoding="UTF-8"?>
<!DOCTYPE topic SYSTEM "../../../../lib/pkp/dtd/helpTopic.dtd">

<!--
  * 000003.xml
  *
  * Copyright (c) 2013-2019 Simon Fraser University
  * Copyright (c) 2003-2019 John Willinsky
  * Distributed under the GNU GPL v2. For full terms see the file docs/COPYING.
  *
  * User Interface - Register and Profile
  *
  -->

<topic id="user/topic/000003" locale="en_US" title="Register and Profile" toc="user/toc/000000" key="user.registerAndProfile">
	<section>
		<![CDATA[<p>The journal uses a registration system for all users involved in the editorial and publishing process. The journal's Privacy Policy applies to all registered users. Each registered user has a Profile, which can be edited or added after the user is logged in to the journal. The link for the Profile is found in the right-hand margin under User and on the User Home page.</p><p>For all users, there is an email update option, which results in the user being notified by email of each new issue's Table of Contents. For journals operating in more than one language, Reviewers can indicate in their Profile the languages in which they are comfortable reviewing submissions.</p>]]>	
	</section>

	<section title="Why Register?">

<![CDATA[<p>When you register the system creates a "User Home" page for you which make it easier to access your journals. You must register if you wish to submit a paper to any journal or if you will be a member of the editorial team (eg, editor, reviewer, proofreader) of any journal.</p><p>Some journals restrict access to some portions of their site unless you are registered.</p>]]>
</section>

<section title="Privacy Policy">
<![CDATA[<p>The journal's privacy policy applies to all registered users. You can find more information on the journal's privacy policy in About the Journal.</p>]]>
</section>
<section title="How do I register?">
<![CDATA[<p>You can register by clicking on "Log In" or "Register" on the site home page or on any journal's home page. Alternatively, you can ask a Journal Manager to register you. Contact information can be found in About the Journal.</p>]]>
</section>
<section title="Profile">
<![CDATA[<p>You create a profile (including a username and password) when you register.  You can edit your profile any time you are logged in.  In the right navigation bar under the title "User", the link "My Profile" appears; click on that link and you are taken to your profile. Here you can change your contact information, reviewing interests, roles, and can manage email notifications for journals you have registered with.</p>]]>
</section>

</topic>
