<?xml version = '1.0' encoding = 'UTF-8'?>
<!DOCTYPE topic SYSTEM "../../../../lib/pkp/dtd/helpTopic.dtd">
<!--
  * 000028.xml
  *
  * Copyright (c) 2013-2019 Simon Fraser University
  * Copyright (c) 2003-2019 John Willinsky
  * Distributed under the GNU GPL v2. For full terms see the file docs/COPYING.
  *
  * Section Editor's Role Index - Editing - Layout
  *
  -->
<topic title="صفحه آرایی" toc="editorial/toc/000007" key="editorial.sectionEditorsRole.editing.layout" locale="fa_IR" id="editorial/topic/000028" >
	<section><![CDATA[<p>پس از تکمیل نسخه پاکنویس در مرحله سوم ویراستاری ادبی، این نسخه از ساب میشن به مرحله صفحه آرایی می رود. دبیر پس از اطلاع از اتمام ویراستاری ادبی، در صورتی که پیشتر مشخص نشده است، باید یک صفحه آرا انتخاب کند و با انتخاب گزینه «ایمیل» در قسمت پایین «درخواست صفحه آرایی» از وی برای آغاز کار دعوت نماید. صفحه آرا نسخه آماده چاپ را در هر یک از این فرمتها که مورد نیاز مجله باشد، آماده می کند:  HTML, PDF, PS, etc.</p><p> فایلهای ضمیمه که از ابتدای ساب میت بدون تغییر مانده اند، توسط صفحه آرا و چک کننده نهایی بررسی می شوند تا مطابق استاندارهای مجله باشند. وقتی که صفحه آرا محصول اولیه که همان نسخه آماده چاپ الکترونیک است را آماده نمود، ایمیلی به دبیر ارسال می کند.</p><p>توجه داشته باشید که سردبیر در هر مرحله از ردوند دبیری می تواند یک ساب میشن را در نوبت چاپ قرار دهد؛ این مسأله به آگاهی صفحه آرا و چک کننده نهایی هم می رسد تا بتوانند هر شماره را پیش از چاپ بازبینی نمایند.</p>]]></section>
</topic>
