<?xml version = '1.0' encoding = 'UTF-8'?>
<!DOCTYPE topic SYSTEM "../../../../lib/pkp/dtd/helpTopic.dtd">
<!--
  * 000034.xml
  *
  * Copyright (c) 2013-2019 Simon Fraser University
  * Copyright (c) 2003-2019 John Willinsky
  * Distributed under the GNU GPL v2. For full terms see the file docs/COPYING.
  *
  * Author's Role Review Index - Peer Review
  *
  -->
<topic title="تصمیم سردبیر" toc="editorial/toc/000010" key="editorial.authorsRole.review.editorDecision" locale="fa_IR" id="editorial/topic/000034" >
	<section><![CDATA[<p>پس از تکمیل فرایند کارشناسی، دبیر تصمیمی اتخاذ و نویسنده را با ایمیل از آن مطلع می کند. این تصمیم در صفحه کارشناسی نیز در قسمت ارتباطات دبیر و نویسنده قابل مشاهده است. اگر دبیر پیش از رسیدن به تصمیم نهایی انجام برخی تغییرات پیشنهادی را ضروری بداند، نویسنده می تواند در این صفحه به نسخه ای از ساب میشن و یا فایلهای ضمیمه (مربوط به مواد و روشها نظیر ابزار پژوهش، منابع علمی، یافته ها و ...) حاوی این پیشنهادها دست یابد. همچنین دبیر می تواند رای تبادل نظر با نویسنده فالهایی را نظیر نسخه های حاوی نکات مد نظر خود از ساب میشن، فراگذاری نمایند (برای این تبادل نظر، نویسنده بر نام فایل کلیک و سپس آن را با و یا ابتدا ذخیره و سپس باز می کند).</p><p>اگر یک ساب میشن پذیرش شود، در فرایند دبیری به این قسمت منتقل می شود:{help_topic key="editorial.editorsRole.submissions.inEditing" text="Editing"}.</p><p><i>ساب میت دوباره برای کارشناسی</i>گر تصمیم دبیر بر این باشد که ساب میشن باید پس از بازنگری دوباره از ابتدا ساب میت شود، نویسنده باید ابتدا از انتظارات سردبیر برای بازنگری در قسمت ارتباطات دبیر و نویسندت آگاه شود. آن گاه پس از انجام کامل تغییرات نسخه جدید ساب میشن را برای دور دوم کارشناسی، فراگذاری نماید. دبیر این کارشناسی را به کارشناسان قبلی یا جدید واگذار و مانند دور قبلی نویسنده را از تصمیم خویش آگاه می کند.</p>]]></section>
</topic>
