<?xml version = '1.0' encoding = 'UTF-8'?>
<!DOCTYPE topic SYSTEM "../../../../lib/pkp/dtd/helpTopic.dtd">
<!--
  * 000039.xml
  *
  * Copyright (c) 2013-2019 Simon Fraser University
  * Copyright (c) 2003-2019 John Willinsky
  * Distributed under the GNU GPL v2. For full terms see the file docs/COPYING.
  *
  * Layout Editor's Role - Submissions
  *
  -->
<topic title="ساب میشن ها" toc="editorial/toc/000013" key="editorial.layoutEditorsRole.submissions" locale="fa_IR" id="editorial/topic/000039" >
	<section><![CDATA[<p>صفحه آرا با ورود به مجله به صفحه شخصی خود می رود. در این صفحه امکان دسترسی به لیست همه ساب میشن های فعال برای صفحه آرایی توسط این فرد و نیز امکان دسترسی به موارد صفحه آرایی شده قبلی (از طریق آرشیو) و همچنین دسترسی به فهرست مطالب شماره های بعدی (در صورت تهیه) وجود دارد.</p><p><i>ساب میشن های فعال</i><br />با کلیک بر گزینه «فعال» در صفحه شخصی، صفحه آرا به صفحه ساب میشن های فعال می رود. در این محل، لیست ساب میشن های ارسال شده برای صفحه آرایی وجود دارد. فرایند صفحه آرایی با کلیک بر نام یکی از این ساب میشن ها آغاز می شود.</p><p><i>آرشیو</i><br />با کلیک بر گزینه «آرشیو» در صفحه شخصی، صفحه آرا به صفحه آرشیو می رود. در این صفحه لیست کارهایی که صفحه آرایی آنها تکمیل و برای چاپ ارسال شده است، قرار دارد.</p><p><i>شماره های آینده</i><br />با کلیک بر گزینه «شماره های آینده» در صفحه شخصی، صفحه آرا به لیست شماره های آینده مجله که هنوز به چاپ نسیده است، می رود. این کار امکان بررسی کامل و منسجم یک شماره را به صفحه آرا می دهد.</p>]]></section>
</topic>
