<?xml version = '1.0' encoding = 'UTF-8'?>
<!DOCTYPE topic SYSTEM "../../../../lib/pkp/dtd/helpTopic.dtd">
<!--
  * 000032.xml
  *
  * Copyright (c) 2013-2019 Simon Fraser University
  * Copyright (c) 2003-2019 John Willinsky
  * Distributed under the GNU GPL v2. For full terms see the file docs/COPYING.
  *
  * Author's Role Index - Submissions
  *
  -->
<topic title="ساب میشن ها" toc="editorial/toc/000009" key="editorial.authorsRole.submissions" locale="fa_IR" id="editorial/topic/000032" >
	<section><![CDATA[<p>با ورود به مجله و انتخاب نقش نویسنده در صفحه خانگی کاربر، نویسنده به لیست ساب میشن های فعال خود دست می یابد. این صفحه نشانگر ساب میشن هایی است که هم اکنون روند دبیری را طی می کنند. نویسنده از طریق لینک آرشیو می تواند به ساب میشن های گذشته خود در مجله دسترسی پیدا کند و از طریق لینک «آغاز یک ساب میشن جدید» نیز می تواند یک مقاله جدید در مجله ساب میت کند.</p><p>اگر مجله پرداخت اینترنتی بپذیرد، نویسنده می تواند از طریق این صفحه هزینه مخصوص این ساب میشن را پرداخت نماید. در صورت صلاحدید مجله، لینک به قیمتهای ساب میشن ها، لینک دسترسی سریع به ساب میشن ها و لینک به هزینه های چاپ نیز در این صفحه برای هر مقاله در زیر قسمت «وضعیت» ظاهر می شود. کلیک بر این لینکها نویسنده را به یک صفحه پرداخت دستی یا با کارت رهنمون می کند که در آن عملیات مورد نیاز تکمیل خواهد شد. برای اطلاعات بیشتر در زمینه پرداخت وجه به این آدرس مراجعه نمایید: {help_topic key="journal.managementPages.payments" text="here"}.</p><p>برای اطلاعات بیشتر در زمینه فرایند ساب میشن به این آدرس مراجعه نمایید: {help_topic key="submission.index" text="here"}.</p>]]></section>
</topic>
