<?xml version="1.0" encoding="UTF-8"?>
<!DOCTYPE topic SYSTEM "../../../../lib/pkp/dtd/helpTopic.dtd">

<!--
  * 000019.xml
  *
  * Copyright (c) 2013-2019 Simon Fraser University
  * Copyright (c) 2003-2019 John Willinsky
  * Distributed under the GNU GPL v2. For full terms see the file docs/COPYING.
  *
  * Editor's Role Submission Summary - Submission Management
  *
  -->

<topic id="editorial/topic/000019" locale="ja_JP" title="投稿物の管理" toc="editorial/toc/000003" key="editorial.editorsRole.submissionSummary.submissionManagement">
	<section>
		<![CDATA[<p>投稿物の査読を管理するセクションエディタを任命する前に、編集者は投稿物のファイル名をクリックしてファイルを開き、テキストが雑誌の査読にふさわしいものであるか、正しい雑誌セクションに投稿されているかを確認するべきです。</p><p><em>不適当な投稿物:</em> 投稿物が雑誌にとって明らかにふさわしくない場合は、編集者は、査読にまわさないことを著者にメールで通知することができます。そして、アーカイブに送ることにより、投稿物をアーカイブすることができます。担当のセクションエディタもこれを行うことができます。</p><p><em>投稿物へのセクションエディタの任命:</em> 編集者は、投稿物が属するセクション（原著論文、書評など）のセクションエディタ候補者リストからセクションエディタを選定します。すると、選ばれたセクションエディタに任命を通知するメールが自動的に送信されます。</p>]]>	
	</section>
</topic>
