<?xml version="1.0" encoding="UTF-8"?>
<!DOCTYPE topic SYSTEM "../../../../lib/pkp/dtd/helpTopic.dtd">

<!--
  * 000034.xml
  *
  * Copyright (c) 2013-2019 Simon Fraser University
  * Copyright (c) 2003-2019 John Willinsky
  * Distributed under the GNU GPL v2. For full terms see the file docs/COPYING.
  *
  * Author's Role Review Index - Peer Review
  *
  -->

<topic id="editorial/topic/000034" locale="ja_JP" title="編集者の判断" toc="editorial/toc/000010" key="editorial.authorsRole.review.editorDecision">
	<section>
		<![CDATA[<p>編集者の判断が行われると、査読結果とセクションエディタの判断に基づいた判断をセクションエディタはメールで著者に伝えます。判断は、著者の査読ページにある編集者と著者の通信欄にも記録されます。最終的な判断を下す前に編集者が改訂版を要求する場合は、著者はこのページから投稿物の改訂版と追加の（データセットや研究装置、ソースドキュメントなどの）補足ファイルをアップロードすることができます。編集者も、著者の参考のために、様々な投稿物の版やその他の文書をアップロードすることができます（アップロードされたファイルを見るには、著者はファイル名をクリックし、ファイルを開くか、自分のコンピュータに保存してから開きます）。投稿物がアクセプトされると、その時点から編集プロセスの{help_topic key="editorial.editorsRole.submissions.inEditing" text="編集"}段階が始まります。</p><p><em>査読のやり直し:</em> セクションエディタの判断が、投稿物の改訂後に再度査読を行うであった場合、著者はまず、編集者と著者の通信機能を使って、改訂を行う意思があることを伝えます。次に、著者は改訂版ができたら、第2ラウンドの査読用の版をアップロードします。セクションエディタは改訂版を前回と同じ査読者、または新しい査読者に提供し、1回目の査読と同じ方法で判断が行われたら、それを著者に通知します</p>]]>	
	</section>
</topic>
