<?xml version = '1.0' encoding = 'UTF-8'?>
<!DOCTYPE topic SYSTEM "../../../../lib/pkp/dtd/helpTopic.dtd">
<!--
  * 000002.xml
  *
  * Copyright (c) 2013-2019 Simon Fraser University
  * Copyright (c) 2003-2019 John Willinsky
  * Distributed under the GNU GPL v2. For full terms see the file docs/COPYING.
  *
  * Publishing Process - Schedule Submissions
  *
  -->
<topic title="برنامه ریزی مقالات " toc="publishing/toc/000000" key="publishing.scheduleSubmissions" locale="fa_IR" id="publishing/topic/000002" >
	<section><![CDATA[<p>
در هر مرحله ای از فرآیند ویرایش ٫ سردبیر بخش میتواند مقاله ای را برای چاپ در شماره ای خاص از مجله مقرر کند معمولا سر دبیر آن مقاله را در اولین شماره ممکن قرار میدهد ولی ممکن است که شماره مورد نظر سردبیر بخش قبلا پر شده باشد یا اینکه سردبیر ترجیح دهد مقاله را به لحاظ یکدستی مطالب در شماره دیگری قرار دهد  
</p><p><i>
انتشار پیوسته مقالات 
</i>
اگرچاپ برخی مقالات در چند شماره پشت سرهم مد نظر باشد آنگاه سردبیر هرقسمت از آن مقاله را به محض آماده شدن در شماره فعلی مجله قرار میدهد و برای چنین کاری باید از قبل فهرست مطالب شماره های بعدی را برای آن تنظیم کرد  
</p><p>
پس از قطعی شدن انتشار یک مقاله خاص در یک شماره از مجله نام و لینک آن برای قرار گیری در فهرست مطالب آن شماره در اختیار صفحه آرا و ویرایشگر نهایی قرار میگیرد
</p>]]></section>
</topic>
