<?xml version = '1.0' encoding = 'UTF-8'?>
<!DOCTYPE topic SYSTEM "../../../../lib/pkp/dtd/helpTopic.dtd">
<!--
  * 000007.xml
  *
  * Copyright (c) 2013-2019 Simon Fraser University
  * Copyright (c) 2003-2019 John Willinsky
  * Distributed under the GNU GPL v2. For full terms see the file docs/COPYING.
  *
  * User Interface - User Home
  *
  -->
<topic title="صفحه خانگی کاربر" toc="user/toc/000000" key="user.userHome" locale="fa_IR" id="user/topic/000007" >
	<section><![CDATA[<p>
پس از اینکه یک کاربر به سیستم لاگین شد وارد صفحه خانگی کاربری می شود که لینک آن در نوار مرور بالایی قرار دارد . با استفاده از این لینک کاربر به صفحه خانگی مخصوص خود رفته و در آنجا با مجلات مورد علاقه خود کار می کند .
</p>]]></section>
	<section title="صفحه خانگی کاربری موجود روی سایت اصلی" ><![CDATA[<p>
پس از وارد شدن به سیستم اطلاعات ذیل در صفحه اصلی سایت مجله به کاربر نشان داده خواهدشد :
</p>

<p><i>
مجلات من
</i>
در اینجا کاربر لیستی از مجلاتی را که در آنها ثبت نام کرده است و لینک های مربوط به کار با هر مجله را مشاهده می کند . اگر کاربر مدیر سایت باشد صفحه مدیریت سایت نیز در اینجا به وی نمایش داده می شود .
</p><p><i>
حساب کاربری من
</i>
در اینجا کاربر لینک هایی در اختیار دارد که به وی امکان می دهد حساب کاربری خود را ویرایش کند مانند ثبت نام در سایرمجلات . ویرایش پرونده کاربری . تغییر دادن کلمه عبور و یا خروج از سیستم
</p>]]></section>
	<section title="صفحه خانگی کاربری وب سایت هر مجله" ><![CDATA[<p>
اگر کاربر به وب سایت یک مجله وارد شود تنها اطلاعات مربوط به همان مجله در صفحه خانگی کاربری در زیر لینک 
 <i>حساب کاربری من</i> به وی نشان داده خواهد شد و همجنین لینکی با عنوان (مجلات مرا نشان بده) برای مشاهده سایر مجلاتی که  در آنها ثبت نام کرده است در اختیار خواهد داشت]]></section>
</topic>
