<?xml version="1.0" encoding="UTF-8"?>
<!DOCTYPE toc SYSTEM "../../../../lib/pkp/dtd/helpToc.dtd">

<!--
  * 000000.xml
  *
  * Copyright (c) 2013-2019 Simon Fraser University
  * Copyright (c) 2003-2019 John Willinsky
  * Distributed under the GNU GPL v2. For full terms see the file docs/COPYING.
  *
  * table of contents for Editorial Process. 
  *
  -->

<toc id="editorial/toc/000000" locale="vi_VN" title="Quá trình biên tập" parent_topic="editorial/topic/000000">
	<topic id="editorial/topic/000001" title="Vai trò của BTV chính" />
	<topic id="editorial/topic/000004" title="Vai trò của BTV chuyên mục" />
	<topic id="editorial/topic/000008" title="Vai trò của Người phản biện" />
	<topic id="editorial/topic/000009" title="Vai trò của Tác giả" />
	<topic id="editorial/topic/000012" title="Vai trò của BTV bản thảo" />
	<topic id="editorial/topic/000013" title="Vai trò của BTV trình bày" />
	<topic id="editorial/topic/000014" title="Vai trò của BTV soát lỗi" />

	<breadcrumb url="editorial/topic/000000" title="Quá trình biên tập" />
</toc>
