<?xml version="1.0" encoding="UTF-8"?>
<!DOCTYPE topic SYSTEM "../../../../lib/pkp/dtd/helpTopic.dtd">

<!--
  * 000002.xml
  *
  * Copyright (c) 2013-2019 Simon Fraser University
  * Copyright (c) 2003-2019 John Willinsky
  * Distributed under the GNU GPL v2. For full terms see the file docs/COPYING.
  *
  * Publishing Process - Schedule Submissions
  *
  -->

<topic id="publishing/topic/000002" locale="ja_JP" title="投稿物の出版スケジュール" toc="publishing/toc/000000" key="publishing.scheduleSubmissions">
	<section>
		<![CDATA[<p>セクションエディタは、編集プロセスの任意の時点で、投稿物を特定の号による出版スケジュールに入れることができます。通常、セクションエディタは、次に出版予定の号に投稿物を割り当てますが、その出版の前に巻号が「一杯」になる場合もありますし、編集者が、各号に幅広い主題の記事を載せるために後の号に投稿物を割り当てたいと考えたり、逆に、1つの主題に関する投稿物をまとめて掲載したいと考えたりする場合もあります。</p>
		<p><em>投稿物の継続的な出版:</em> 投稿物を準備ができ次第、継続的に出版する場合、編集者は投稿物を実質上、最新号にあたるものに割り当てることになり、直ちに出版します。その巻の年が終わると、次の投稿物は新しい巻で出版されることになります。新しい巻の目次が作成され、この最初の投稿物を持つ最新号となります。</p>
		<p>投稿物が特定の巻号で出版されることが決まると、巻号の名前とその目次へのリンクがレイアウトエディタと校正者に表示されます。</p>]]>
	</section>
</topic>
