<?xml version = '1.0' encoding = 'UTF-8'?>
<!DOCTYPE topic SYSTEM "../../../../lib/pkp/dtd/helpTopic.dtd">
<!--
  * 000004.xml
  *
  * Copyright (c) 2013-2019 Simon Fraser University
  * Copyright (c) 2003-2019 John Willinsky
  * Distributed under the GNU GPL v2. For full terms see the file docs/COPYING.
  *
  * Author Submission Process - Supplementary Files 
  *
  -->
<topic title="فایلهای مکمل " toc="submission/toc/000000" key="submission.supplementaryFiles" locale="fa_IR" id="submission/topic/000004" >
	<section><![CDATA[<p>
موءلف قادر است در مرحله چهارم از فرآیند ارسال مقاله فایلهای مکملی را هم همراه آن در وب سایت مجله بار گزاری کند این فایلهای مکمل معمولا به منظور ارائه سری اطلاعات مفید در جستجو ٫ ابزارهای جستجو ٫ متون مرجع ویا سایر مطالبی که میتوانند به صورت مستقل یا وابسته برای خوانندگان مفید باشند به کار میروند.علاوه بر این موءلف میتواند فهرستی از این فایلهای مکمل را تهیه کند و آنها را در کنار لیست مطالب اصلی قرار دهد . 
</p><p><i>
فرمتهای فایلهای مکمل
</i>
 فایلهای مکمل میتوانند با همان فرمت اصلی خود در وب سایت بار گزاری شوند ولی در صورتی که مولف بخواهد این فالیلها همراه با مقالات نمایش داده شوند فایلهای مکمل بایستی به فرمت استاندارد مورد استفاده در مجله تبدیل شوند .این بدین معنی است که سری اطلاعاتی که به فرمت صفحات گسترده بوده یا از نوع فلش باشند در صورتی که به فرمت مناسبتری تبدیل نشوند برای کاربران سایت مشکلاتی ایجاد خواهند کرد .موءلفان در زمان ارسال فایلهای مکمل باید به فرمت آنها و امکان دسترسی کاربران به برنامه های رایگان برای باز کردن چنین فایلهایی باید توجه کنند  
</p>]]></section>
</topic>
