<?xml version="1.0" encoding="UTF-8"?>
<!DOCTYPE topic SYSTEM "../../../../lib/pkp/dtd/helpTopic.dtd">

<!--
  * 000002.xml
  *
  * Copyright (c) 2013-2019 Simon Fraser University
  * Copyright (c) 2003-2019 John Willinsky
  * Distributed under the GNU GPL v2. For full terms see the file docs/COPYING.
  *
  * Site Administration - Site Management 
  *
  -->

<topic id="site/topic/000002" locale="ja_JP" title="サイト管理" toc="site/toc/000000" key="site.siteManagement">
	<section>
		<![CDATA[<p>OJSは、複数の雑誌を管理するシステムとして設計されています。サイト管理者は、サイトレベルの設定とそのサイトで提供する新雑誌の作成を担当します。各雑誌サイトは、ユーザアカウントを除き、それぞれまったく独立しています。ユーザはどの雑誌にも任意の役割で参加することができますが、同一のメールアドレスとユーザ名は、どの雑誌でも同じユーザを表します。</p>]]>
	</section>
	
	<section title="サイト設定">
		<![CDATA[<p>サイト管理者は、そのサイトで提供するすべての雑誌に適用される、サイト名、サイトの説明、連絡先情報などの基本的な情報を設定します。</p>
		<p><em>雑誌リダイレクト:</em> この設定を使用すると、すべてのリクエストを特定の雑誌のWebサイトにリダイレクトさせることができます。通常、サイトが提供する雑誌が1誌のみの場合に使用されます。</p>]]>
	</section>
	
	<section title="提供雑誌">
		<![CDATA[<p>OJSは、任意の数のそれぞれ異なる雑誌のWebサイトを作成することができるので、 新雑誌はいつでも作成・管理することができます。作成された各雑誌は、サイト管理者が指定したパス名に基づいたユニークなURLを使ってアクセスすることができます。まだ構築・設定中の雑誌は、準備ができるまでサイト画面には表示されません。</p>]]>
	</section>
	
	<section title="言語">
		<![CDATA[<p>OJSは、幅広い言語を使用する複数の雑誌を1つのサイトで提供する多言語システムになるように設計されています。サイト管理者はサイトが使用するデフォルト言語を指定できるだけでなく、サイトが提供する雑誌でその他の言語を利用できるようにロケールを追加インストールすることもできます。</p>
		<p>追加言語パッケージは、通常、ユーザから翻訳の提供があった場合にオープン･ジャーナル･システムの<a href="http://pkp.sfu.ca/" target="_blank">Webサイト</a>からダウンロードすることができます。これらのパッケージを既存のOJSにインストールし、雑誌で利用できるようにすることができます。</p>]]>
	</section>
	
	<section title="認証システム">
		<![CDATA[<p>デフォルトでは、OJSは内蔵のデータベースを使用してユーザを認証します。しかし、LDAPなどの別の認証システムを使用することも可能です。認証システムの追加は、OJSのプラグイン機能により実装されています。詳細は、各プラグインに添付されている文書を参照してください。</p>]]>
	</section>
</topic>
