<?xml version="1.0" encoding="UTF-8"?>
<!DOCTYPE topic SYSTEM "../../../../lib/pkp/dtd/helpTopic.dtd">

<!--
  * 000025.xml
  *
  * Copyright (c) 2013-2019 Simon Fraser University
  * Copyright (c) 2003-2019 John Willinsky
  * Distributed under the GNU GPL v2. For full terms see the file docs/COPYING.
  *
  * Section Editor's Role Index - Review - Peer Review 
  *
  -->

<topic id="editorial/topic/000025" locale="en_US" title="Peer Review" toc="editorial/toc/000006" key="editorial.sectionEditorsRole.review.peerReview">
	<section>
		<![CDATA[<p>Once the Review Version has been selected, the Section Editor can begin the Peer Review process. The Section Editor first clicks on the "{translate key="editor.article.selectReviewer"}" button which directs the Section Editor to a list of Reviewers, their interests and their work with the journal. The Section Editor then clicks "{translate key="common.assign"}" next to the names of the Reviewers that appear suitable for the assignment.</p><p><em>Changing Reviewers</em>. If the Section Editor realizes that a name chosen is not suitable, the "{translate key="editor.article.clearReview"}" button can be used to clear the Reviewer's name before initiating the review (once the Reviewer has been notified by email, this button changes to "{translate key="editor.article.cancelReview"}"). To replace a Reviewer who has been notified, the Section Editor clicks "{translate key="editor.article.cancelReview"}" which leads to a Cancel email to send to the existing Reviewer. The Section Editor then clicks Select Reviewer to assign another Reviewer, and sends out the Request email to that Reviewer. If a Section Editor cancels a review but the Reviewer has already updated the submission indicating that the review is done, the Section Editor can re-initiate the review by sending a Request email to a new Reviewer. A list of the Reviewers who declined the request to review the submission or were cancelled is kept under "Regrets, Cancels, and Earlier Rounds of this Submission."</p><p><em>Requesting and initiating a Peer Review</em>. The Section Editor clicks on the email icon under Request for the Reviewer which opens a prepared email addressed to the Reviewer. After clicking Send, the Section Editor will also have a chance to change the number of weeks given for the review to be completed. The Journal Manager sets the default number of weeks in Setup 2.2. If a Reviewer has not responded to the request in a timely fashion, the Section Editor can send another request email by clicking on the "Send Reminder" link, or the Section Editor can opt to select another Reviewer (following the procedures in "Changing Reviewers" above). The Section Editor can also change the due date for individual Reviewers to complete their review by clicking on the date that appears under Due.</p><p><em>The Reviewer responds on the web site</em>. Typically, the Reviewer responds to the invitation to review by logging in to the journal's  website and notifying the Section Editor with a prepared email that the review will or will not be undertaken as requested. If the Reviewer declines the request, their name goes to "Regrets, Cancels, and Earlier Rounds of this Submission" and the Section Editor selects another reviewer. If the Reviewer agrees to conduct the review, the date of the acceptance appears under Response for that Reviewer. The Journal Manager has the option in Setup 2.2 of activating an automatic reminder to be sent to Reviewers who do not respond top the request within a certain number of days.</p><p><em>The Reviewer responds by email</em>. If instead of going to the journal's website, the Reviewer sends the Section Editor an email either accepting or declining the Review opportunity, the Section Editor can make this decision by going to the Review page and choosing either "Will do Review" or "Unable to do Review" under Editor to Enter. The first selection will allow the Reviewer to access the submission online, and the second will clear the Reviewer's name from the Peer Review stage (and place it on the page with Regrets, Cancels &amp; Previous Rounds). The Section Editor can then select another Reviewer.</p><p><em>The Reviewer completes the review online</em>. The Reviewer completes the review by entering their comments in Review (based on the Reviewer Guidelines which have been entered in Setup 2.2 by the Journal Manager) and selecting a Recommendation (from a pull-down menu: Accept, Accept with Revisions, Resubmit for Review, Resubmit Elsewhere, Decline, See Comments). The Reviewer may also opt to upload files, whether an annotated version of the submission or some additional relevant information, which the Section Editor will decide whether the author will see, using the "Let Author View File" option. The Journal Manager has the option in Setup 2.2 of activating an automatic email reminder to be sent to Reviewers who do not complete the review within a certain number of days of the deadline. The Section Editor can also send a reminder by using the email icon under Request for that Reviewer, and modifying the content to reflect the need for the review.</p><p><em>The Reviewer completes the review via email</em>. If the Journal Manager has selected "Email-Attachment Review Process" in Setup 2.2, then the Reviewer will receive the submission as an email attachment with the request to review, along with the Review Guidelines. The Reviewer is asked to email the Section Editor indicating a willingness, or not, to review. If willing, the Reviewer follows with an email containing the review of the submission and a recommendation. The Section Editor will then enter on the submission's Review page the Reviewer's comments, using the Review box and record the Reviewer's recommendation, under the Reviewer's name.</p>]]>	
	</section>
</topic>
