<?xml version="1.0" encoding="UTF-8"?>
<!DOCTYPE topic SYSTEM "../../../../lib/pkp/dtd/helpTopic.dtd">

<!--
  * 000007.xml
  *
  * Copyright (c) 2013-2019 Simon Fraser University
  * Copyright (c) 2003-2019 John Willinsky
  * Distributed under the GNU GPL v2. For full terms see the file docs/COPYING.
  *
  * Section Editor's Role Index - Editing 
  *
  -->

<topic id="editorial/topic/000007" locale="en_US" title="Editing" toc="editorial/toc/000004" subtoc="editorial/toc/000007" key="editorial.sectionEditorsRole.editing">
	<section>
		<![CDATA[<p>The Section Editor oversees the copyediting, layout and proofreading by selecting and assigning members of the editorial team to see the submission through each stage, and by ensuring that the submission moves through the process in a timely fashion. The process begins when the Section Editor selects the Copyeditor and requests the copyediting of the submission. The Section Editor may want to select the Layout Editor and Proofreader at the same time (depending on how many of these distinct editorial roles the journal is using), or wait until the preceding stage is complete.  To replace those selected, the Section Editor simply clicks {translate key="common.select"} again and assigns a new person, who will replace the existing assignee. The Editing stage is complete when the submission has completed the Proofreading stage, at which point the Section Editor schedules it for publication.</p><p><em>Submissions in Layout that need further Copyediting</em>. The Editor can see to a further copyediting of the Layout Version, if it turns out to be needed, by downloading the Layout Version and sending it as an email attachment to the Copyeditor (who may also want to contact the Author). Once this further copyediting is completed and the submission returned to the Editor, the Editor can upload the file to the Layout Version.</p><p><em>Changing a galley after submission is scheduled</em>. Once the submission is sent to scheduling, the Editing page (along with its associated Summary, Review, and History pages) are sent to the Archives. The Editor can ask the Layout Editor, who will have access through Archives, to alter the galleys and upload them again. This can take place after the submission has been published. The newly uploaded galley will appear as the published version, although one needs to be extremely cautious about changing the galleys in this way, so as to preserve the integrity of the journal's publishing process, and the Editor may wish to append a note recording the changes on the published item.</p><p>For more detailed information on the Copyediting process, see {help_topic key="editorial.sectionEditorsRole.editing.copyediting" text="Copyediting"}.</p><p>For more detailed information on the Layout process, see {help_topic key="editorial.sectionEditorsRole.editing.layout" text="Layout"}.</p><p>For more detailed information on Proofreading and Scheduling, see {help_topic key="editorial.sectionEditorsRole.editing.proofreading" text="Proofreading"}.</p>]]>	
	</section>
</topic>
