<?xml version="1.0" encoding="UTF-8"?>
<!DOCTYPE topic SYSTEM "../../../../lib/pkp/dtd/helpTopic.dtd">

<!--
  * 000018.xml
  *
  * Copyright (c) 2013-2019 Simon Fraser University
  * Copyright (c) 2003-2019 John Willinsky
  * Distributed under the GNU GPL v2. For full terms see the file docs/COPYING.
  *
  * Editor's Role Submissions - Archives 
  *
  -->

<topic id="editorial/topic/000018" locale="en_US" title="Archives" toc="editorial/toc/000002" key="editorial.editorsRole.submissions.archives">
	<section>
		<![CDATA[<p>Submissions in this queue have been through the editorial process, whether they have been declined, scheduled to be published, or are published. This queue provides Editors and the assigned Section Editor complete access to the submission's editorial history (Summary, Submission, Review, Editing, and History).</p><p><em>To Restore an Archived Item to the Active List</em>. The Editor should go to the Archives on the Editor Home page and find the submission. Clicking on the submission's title will lead to the Summary, Review, Editing and History pages for the submission, and on the Summary page there is a link, "Restore to Active List," that will move the submission into the In Review or In Editing list, depending on what stage the submission was at when it was archived.</p>]]>	
	</section>
</topic>
