<?xml version="1.0" encoding="UTF-8"?>
<!DOCTYPE topic SYSTEM "../../../../lib/pkp/dtd/helpTopic.dtd">

<!--
  * 000039.xml
  *
  * Copyright (c) 2013-2019 Simon Fraser University
  * Copyright (c) 2003-2019 John Willinsky
  * Distributed under the GNU GPL v2. For full terms see the file docs/COPYING.
  *
  * Layout Editor's Role - Submissions
  *
  -->

<topic id="editorial/topic/000039" locale="en_US" title="Submissions" toc="editorial/toc/000013" key="editorial.layoutEditorsRole.submissions">
	<section>
		<![CDATA[<p>On Logging in, the Layout Editor will have access to their User Home Page. This page includes a link to the Layout Editor's Active Submissions page, as well as one to previously completed submissions via an Archives link, and a link to view the Table of Contents for upcoming issues, if available.</p><p><em>Active Submissions</em><br />Clicking on the Active link from the User Home page will take the Layout Editor to the Active Submissions page. This queue lists those works for which they have been asked to do the layout. The layout process can be initiated by clicking on a listed submission title.</p><p><em>Archive</em><br />Clicking on the Archive link from the User Home page will take the Layout Editor to the Archive page. This queue lists those works that have completed the layout process and have been published.</p><p><em>Issues</em><br />Clicking on the Future Issues link from the User Home Page will take the Layout Editor to a list of future issues that have not yet been published. This allows the Layout Editor to proof an issue as a whole.</p>]]>	
	</section>
</topic>
