<?xml version="1.0" encoding="UTF-8"?>
<!DOCTYPE topic SYSTEM "../../../../lib/pkp/dtd/helpTopic.dtd">

<!--
  * 000026.xml
  *
  * Copyright (c) 2013-2019 Simon Fraser University
  * Copyright (c) 2003-2019 John Willinsky
  * Distributed under the GNU GPL v2. For full terms see the file docs/COPYING.
  *
  * Section Editor's Role Index - Review - Editor Decision
  *
  -->

<topic id="editorial/topic/000026" locale="en_US" title="Editor Decision" toc="editorial/toc/000006" key="editorial.sectionEditorsRole.review.editorDecision">
	<section>
		<![CDATA[<p>Once all the reviews are in, the Section Editor must arrive at a decision on the submission.</p><p><em>Recording the Decision</em>. The Section Editor selects a Decision from among Accept Submission, Revisions Required, Resubmit for Review, or Decline Submission.</p><p>The Section Editor should outline the basis of their decision to the Author in Editor/Author Correspondence (as the Author cannot see the Decision recorded by the Editor). The Section Editor can also upload a version of the submission possibly with suggestions or comments. Finally, the Section Editor must email the Author using the Notify Author email icon under Editor Decision. Reviewer Comments can be imported into this email by clicking Import Peer Reviews above the email subject line. Please note that comments designated by the Reviewer as editor-only are not imported.</p><p>The Section Editor can make an initial decision (Revisions Required), and then after being satisfied by the Author Version uploaded by the Author, make a second decision to Accept.</p><p>If the Section Editor selects Accept, then the next step is to designate a version of the submission to go to Copyediting on the Editing page, from among the Editor and Author versions. The default Editor Version is simply the Review Version, and the Section Editor can make changes to this version &mdash; restoring the author's name, for example &mdash; and upload it as suitable to go to Copyediting.</p><p>If the Section Editor selects Decline, the submission moves to the Archives list, with its status recorded as Declined.</p><p><em>Resubmit for Review</em>. The Section Editor can initiate a second round of reviews for a submission by selecting Resubmit for Review as the Decision. The Section Editor then emails the Author of this (as the Author cannot see the Decision) and includes an outline of what needs to be done with the submission prior to resubmitting it for review. When the Author re-submits a version for review, it appears under Author Version, and the Section Editor designates it for resubmission. It then becomes the Review Version for Round 2 (and should again be checked for anonymity, and if need be, uploaded again under Review Version). The Reviewers from Round 1 will still be in place, although their reviews and recommendations will have been cleared and placed under "Regrets, Cancel, and Earlier Rounds of this Submission." The Section Editor can activate the request for each of the Reviewers from Round 1 by clicking on the email icon under Request, or the Section Editor can use Clear Reviewer and select another Reviewer for Round 2. The Editor/Author Correspondence for Round 1 is also placed under "Regrets, Cancels, & Previous Rounds" of this Submission, where the Section Editor can review it as needed.</p>]]>	
	</section>
</topic>
