<?xml version="1.0" encoding="UTF-8"?>
<!DOCTYPE topic SYSTEM "../../../../lib/pkp/dtd/helpTopic.dtd">

<!--
  * 000006.xml
  *
  * Copyright (c) 2013-2019 Simon Fraser University
  * Copyright (c) 2003-2019 John Willinsky
  * Distributed under the GNU GPL v2. For full terms see the file docs/COPYING.
  *
  * Section Editor's Role Index - Review 
  *
  -->

<topic id="editorial/topic/000006" locale="en_US" title="Review" toc="editorial/toc/000004" subtoc="editorial/toc/000006" key="editorial.sectionEditorsRole.review">
	<section>
		<![CDATA[<p>The article Review page lists all necessary elements for the Section Editor to organize and complete the review process. The Section Editor assigns a Review Version of the article, assigns one or more Reviewers to the article, and  enters an Editorial Decision. Depending on the editorial decision, the article will be moved from the Review queue to either the Editing queue or the Archives, or it will be resubmitted for review.</p><p>For more detailed information on selecting a Review Version, see {help_topic key="editorial.sectionEditorsRole.review.reviewVersion" text="Review Version"}.</p><p>For more detailed information on the Peer Review Process, see {help_topic key="editorial.sectionEditorsRole.review.peerReview" text="Peer Review"}.</p><p>For more detailed information on committing an Editor Decision, see {help_topic key="editorial.sectionEditorsRole.review.editorDecision" text="Editor Decision"}.</p>]]>
</section>

</topic>
