<?xml version="1.0" encoding="UTF-8"?>
<!DOCTYPE topic SYSTEM "../../../../lib/pkp/dtd/helpTopic.dtd">

<!--
  * 000043.xml
  *
  * Copyright (c) 2013-2019 Simon Fraser University
  * Copyright (c) 2003-2019 John Willinsky
  * Distributed under the GNU GPL v2. For full terms see the file docs/COPYING.
  *
  * Proofreader's Role - Proofreading
  *
  -->

<topic id="editorial/topic/000043" locale="en_US" title="Proofreading" toc="editorial/toc/000014" key="editorial.proofreadersRole.proofreading">
	<section>
		<![CDATA[<p>After clicking on an article title in the Submission queue, the Proofreader will have access to layout galleys and proofreading instructions. The Proofreader will also be able to correspond with the article Primary Contact, the Editor and Layout Editor. At this stage, only typographical and formatting errors are identified. Proofreading can be completed by following these steps:</p><p><em>Review Proofing Instructions.</em>  The Proofreader should review the journal's proofing standards by clicking on "Proofing Instructions" at the bottom of the Proofreading panel.</p><p><em>View Proof Formats.</em> The Proofreader can access article galleys by clicking on "View Proof" beside each Galley format under the Layout section, and can access supplementary files, if any, by clicking the corresponding link provided under "Supplementary Files". Article galleys are commonly available (and subsequently published) in PDF or HTML, and so cannot be directly edited. Supplementary files are published in their original format, and in some cases can be edited.</p><p><em>Consider Author's Proofreading Corrections.</em>  The Proofreader has expertise in the journal's standards, and should review the Author's proofreading corrections in order to provide the Layout Editor with advice (e.g., ignore identified errors that are not errors according to this journal's standards). By clicking on "Proofreading Corrections" the Proofreader will be able to see corrections suggested by the Author.</p><p><em>Provide Proofreading Corrections.</em> The Proofreader should now click the "Proofreading Corrections" icon and enter their detailed corrections, as instructed by the Proofreading Instructions. Once saved, these will be available to the Layout Editor.</p><p><em>Notify Proofreading as Completed.</em> Upon completion of the proofreading, the Proofreader clicks on the email icon under "Complete", and sends the following email to the Section Editor. Once the email has been sent (or, alternately, skipped instead of canceled) the article will be moved from the Proofreader's active list in the Submission Queue to the archive, and the Proofreader will not be able to return and make further corrections.</p>]]>	
	</section>
</topic>
