<?xml version="1.0" encoding="UTF-8"?>
<!DOCTYPE topic SYSTEM "../../../../lib/pkp/dtd/helpTopic.dtd">

<!--
  * 000032.xml
  *
  * Copyright (c) 2013-2019 Simon Fraser University
  * Copyright (c) 2003-2019 John Willinsky
  * Distributed under the GNU GPL v2. For full terms see the file docs/COPYING.
  *
  * Author's Role Index - Submissions
  *
  -->

<topic id="editorial/topic/000032" locale="en_US" title="Submissions" toc="editorial/toc/000009" key="editorial.authorsRole.submissions">
	<section>
		<![CDATA[<p>On logging in to the journal and selecting the role of Author on the User Home page, the Author is led to the Active Submissions queue. This page lists the submissions currently in the editorial process. The Author also has access to past submissions that have been made to the journal under the Archive link, and can submit a new article for consideration by clicking the appropriate link under Start a New Submission.</p><p>If the journal is accepting online payments, the Author may be able to make submission-specific payments from this page. If required by the journal, links to pay submission fees, to fast-track submissions, and to pay publication fees will appear on this page, on a per-article basis, under Status. Clicking on these links will take the Author to either a Manual Fee Payment page, or a PayPal payment page, where the required transaction can be completed. More information on the payment process can be found {help_topic key="journal.managementPages.payments" text="here"}.</p><p>More information on the Submission process can be found {help_topic key="submission.index" text="here"}.</p>]]>	
	</section>
</topic>
