<?xml version="1.0" encoding="UTF-8"?>
<!DOCTYPE topic SYSTEM "../../../../lib/pkp/dtd/helpTopic.dtd">

<!--
  * 000031.xml
  *
  * Copyright (c) 2013-2019 Simon Fraser University
  * Copyright (c) 2003-2019 John Willinsky
  * Distributed under the GNU GPL v2. For full terms see the file docs/COPYING.
  *
  * Reviewer's Role Index - Review
  *
  -->

<topic id="editorial/topic/000031" locale="en_US" title="Review" toc="editorial/toc/000008" key="editorial.reviewersRole.review">
	<section>
		<![CDATA[<p>The Review process is divided into six or seven steps, intended to lead the Reviewer through the Review process.</p><p><em>Step 1</em><br />Reviewer has first to indicate to the Section Editor whether they will undertake the review. The decision should be made after reviewing the submission's Abstract and perhaps looking at the submission, by clicking on the file name in Step 3 (depending on the journal's policies, the file may not be available prior to the Reviewer agreeing to review it).</p><p><em>If unable to do the review</em>. The Reviewer who is unable to do the review clicks on "{translate key="reviewer.article.cannotDoReview"}" which leads to a standard email to the Section Editor, which the Reviewer can revise to indicate, if they wish, why they are cannot do the review (e.g., timing, conflict of interest, lack of expertise, etc.).</p><p><em>If able to do the review</em>. The Reviewer who is able to do the review clicks on "{translate key="reviewer.article.canDoReview"}," which  leads to a standard email to the Section Editor, and which will indicate to Section Editor and Author that the review is underway.</p><p><em>Step 2</em><br />Consult the Reviewer Guidelines, found at the bottom of the Review page. The Reviewer Guidelines have been prepared by the Editors of the journal to ensure that the Review is as helpful as possible to them and the author.</p><p><em>Step 3</em><br />The Author has uploaded the submission as a file, which the Reviewer can download from the journal's web site to the Reviewer's computer by clicking on the file name. The file can be opened or saved to the computer and opened, using typically available programs such as Word or Acrobat. It can be printed out or read on the screen. The Supplementary Files refer to materials the Author may have uploaded in addition to the submission, such as data sets, research instruments, or source texts.</p><p><em>Step 4 (Optional)</em><br />In some cases, the journal may require the Reviewer to declare whether or not they have competing interests with the article being reviewed. If this is the case, Step 4 becomes a form requesting a declaration of Competing Interests, and all following steps change their step number accordingly. The Journal Manager can toggle this setting in Journal Setup Step 3.3.</p><p><em>Step 4</em><br /> The Reviewer clicks on the Review icon and is presented with two Review text-boxes where the Review can be either entered by hand or pasted: one for the Editor and Author, and one visible to the Editor only. The Reviewer may enter or paste partial reviews into these boxes and click the Save button at the bottom of the form to return and make changes later. The Reviewer may return to make such changes until a recommendation on the main Review pages is chosen, at which time the Review process is complete.</p>
		<p>Please note: the Journal manager, in conjunction with the journal's Editor(s), may have created an extended custom review form to be filled out here. More information on the custom form should be found in the Reviewer's Guidelines. The form can be returned to and edited until a recommendation has been chosen.</p>
		<p><em>Step 5</em><br />The Reviewer also has the option, in addition to entering a Review, of uploading files for the Section Editor and/or the Author to see. These files may be a Reviewer-annotated version of the submission or some relevant data or other materials that will assist Editor and/or Author. It will be at the Editor's discretion whether these files are shown to the Author, but Reviewers can certainly comment on this in the Review (Step 4).</p><p><em>Step 6</em><br />The Reviewer must select a Recommendation for the submission from among the following options: Accept, Revisions Required, Resubmit for Review, Resubmit Elsewhere, Decline Submission, See Comments. When the Reviewer clicks "Submit Review to the Editor," it leads to a prepared email to the Section Editor, as well as making visible to the Editor the Recommendation, the saved Review (which are now locked) and any uploaded files. The email can be edited by the Reviewer before sending.</p>]]>	
	</section>
</topic>
