<?xml version="1.0" encoding="UTF-8"?>
<!DOCTYPE topic SYSTEM "../../../../lib/pkp/dtd/helpTopic.dtd">

<!--
  * 000034.xml
  *
  * Copyright (c) 2013-2019 Simon Fraser University
  * Copyright (c) 2003-2019 John Willinsky
  * Distributed under the GNU GPL v2. For full terms see the file docs/COPYING.
  *
  * Announcements 
  *
  -->

<topic id="journal/topic/000034" locale="vi_VN" title="Thông báo" toc="journal/toc/000001" key="journal.managementPages.announcements">
	<section>
		<![CDATA[<p>Phần mềm OJS cho phép Tổng biên tập đăng thông báo mà mọi bạn đọc đều có thể đọc khi vào thăm website. Các thông báo sẽ được đăng trên trang Thông báo, và nếu lựa chọn, có thể xuất hiện trên trang chủ của tạp chí.</p><p><em>Triển khai module thông báo</em>. Ở bước 4.4 Thông báo, phần Thiết lập tạp chí, Tổng biên tập phải nêu rõ rằng tạp chí sẽ đăng các thông báo. Ngoài ra, Tổng biên tập cũng phải quyết định liệu có đăng thông báo trên trang chủ của tạp chí hay không. Có thể đăng một đoạn giới thiệu ngắn trên cùng của trang Thông báo.</p><p><em>Tạo thông báo mới</em>. Tổng biên tập tạo thông báo mới bằng cách lựa chọn loại thông báo (nếu có), nhập tiêu đề thông báo, tóm tắt và toàn văn của thông báo. Đoạn tóm tắt sẽ được hiển thị trên trang Thông báo cho độc giả trong khi toàn văn sẽ hiển thị khi bạn đọc quyết định đọc chi tiết của thông báo đó. Có thể định ngày hết hạn của thông báo (không bắt buộc). Những thông báo đã qua ngày hết hạn sẽ không còn xuất hiện trên trang Thông báo.</p>]]>
	</section>

</topic>
