<?xml version="1.0" encoding="UTF-8"?>
<!DOCTYPE topic SYSTEM "../../../../lib/pkp/dtd/helpTopic.dtd">

<!--
  * 000001.xml
  *
  * Copyright (c) 2013-2019 Simon Fraser University
  * Copyright (c) 2003-2019 John Willinsky
  * Distributed under the GNU GPL v2. For full terms see the file docs/COPYING.
  *
  * Frequently Asked Questions 
  *
  -->

<topic id="intro/topic/000001" locale="en_US" title="Frequently Asked Questions" toc="intro/toc/000000" key="intro.faq">
	<section>
		<![CDATA[
<ol>
	<li><a href="#section1">How do I start a journal with OJS?</a></li>
	<li><a href="#section2">Where can I find technical support, submit bugs, and suggest improvements in using OJS?</a></li>
	<li><a href="#section3">How would I go about translating OJS in another language?</a></li>
	<li><a href="#section4">Why are authors getting the message that the journal is "not accepting submissions at this time"?</a></li>
	<li><a href="#section5">What can we do if we want to provide access to manuscripts that are under review or at the "pre-print" stage prior to being published by the journal?</a></li>
	<li><a href="#section6">How can I get word out on the web about my journal?</a></li>
	<li><a href="#section7">How can the journal present a record the history of who served on its editorial team?</a></li>
	<li><a href="#section8">How can I let readers sign up as reviewers for the journal?</a></li>
	<li><a href="#section9">How can I find additional reviewers for a submission to the journal beyond the current list of available reviewers?</a></li>
	<li><a href="#section10">What are the different ways in which a journal might be able to publish in an open access format, making the journal's contents free to readers?</a></li>
</ol>
		]]>	
	</section>
	<section title="1. How do I start a journal with OJS?">
		<![CDATA[
<ol type="a">
	<li><a href="http://pkp.sfu.ca/ojs_download" target="_blank">Download</a> OJS and install the software, following its installation script, on a web server that meets the software's requirements.</li>
	<li>Use the administration username and password generated in the installation of OJS to log in.</li>
	<li>Create a new journal under Hosted Journals.</li>
	<li>The Site Administrator will automatically be enrolled as a Journal Manager for the new journal, but if necessary, create a new user (or users) in the role of Journal Manager.</li>
	<li>The Journal Manager then goes into Setup and works through the five steps (although not necessarily all at one time), the result of which will be a web site ready to receive submissions, manage the editorial process and publish the journal online.</li>
	<li>Consult <a href="http://pkp.sfu.ca/files/OJSinanHour.pdf" target="_blank">OJS in an Hour </a> for more information on getting started with OJS.</li>
</ol>
		]]>
	</section>
	<section title="2. Where can I find technical support, post bugs, and suggest improvements in using OJS?">
		<![CDATA[
<p>The Public Knowledge Project operates a <a href="http://forum.pkp.sfu.ca/" target="_blank">Support Forum</a> with well over a thousand exchanges where answers can be searched for and questions can be posed. For example, error messages can be searched, leading to proposed solutions for known issues. Bug reports should be submitted through PKP's <a href="https://github.com/pkp/pkp-lib#issues" target="_blank">Github.com issues</a>.</p>
		]]>
	</section>
	<section title="3. How would I go about translating OJS in another language?">
		<![CDATA[
<p>Instructions are provided in the docs/README file which is included in the OJS download. Additional information on common translation issues can also be found in the <a href="http://forum.pkp.sfu.ca/" target="_blank">PKP Support Forum</a>.</p>
		]]>
	</section>
	<section title='4. Why are authors getting the message that the journal is "not accepting submissions at this time"?'>
		<![CDATA[
<p>If the Journal Manager has checked off the section option labelled "Items can only be submitted by Editors and Section Editors" for all created sections, then only Editors and Section Editors will be able to submit. Alternately, if all sections have been deleted, authors will be presented with this message.</p>
		]]>
	</section>
	<section title='5. What can we do if we want to provide access to manuscripts that are under review or at the "pre-print" stage prior to being published by the journal?'>
		<![CDATA[
	<p>Editors have two options for offering "preprint accesss." They can create a pre-print section, to which are added articles that are approved for a later issue, which are not yet ready to publish. The preprint articles are added to the table of contents of the current issue. Once the new issue is ready to publish, the editor removes the articles from the previous issue and moves them to the new issue. Alternatively, the editors can use the URL for the "View Proof" of a submission from the Layout stage on the article's Editing page to create a preprint view. That URL will provide "preview" access to the article (to privileged users) prior to it being published in an issue of the journal. In the meantime, PKP is tracking interest in this feature and may consider creating a formal process for this.</p>
		]]>
	</section>
	<section title="6. How can I get word out on the web about my journal?">
		<![CDATA[
<p>Your journal will start showing up in Google and the other major search engines before very long, but you can take other steps as well. Be sure to register the journal with the PKP Harvester in Setup Step 3, which will lead to your journal being indexed in Open Archives Initiative indexes, including the <a href="http://pkp.sfu.ca/harvester/" target="_blank">PKP Harvester</a> and <a href="http://oaister.umdl.umich.edu/o/oaister/" target="_blank">OAIster</a>. If your journal is open access, speak to your university librarian about how your journal can be listed among the library's electronic journals and how you can contact a number of other research libraries through a serials librarian listserv. See whether you can use the web site or listserv of the relevant professional associations to announce a "call for papers" or the launch of the journal. Finally, in Setup under Security and Access Settings (2.7), the Journal Manager should allow users to register as Readers so that they can be regularly notified of new issues.</p>
		]]>
	</section>
	<section title="7. How can the journal present a record of the history of who served on its editorial team?">
		<![CDATA[
<p>The Journal Manager can enter this information by following the Masthead link in Journal Management. Alternately, the Journal Manager can create a "History of the Editorial Team" page as a new item in About the Journal (item 2.5 in Setup). On such a page, you can record the name, editorial title and years served for members of the editorial team.</p>
		]]>
	</section>
	<section title="8. How can I let readers sign up as reviewers for the journal?">
		<![CDATA[
<p>In Setup under Access and Security Settings (4.1), the Journal Manager can enable readers to sign up as Reviewers, as well as Readers and/or Authors. The Reviewers will then appear among those whom the Section Editor can select and invite to review submissions. In Setup 5.7, the Journal Manager can add a note to "For Readers" about the journal's interest in having readers serve as Reviewers for the journal. By the same token, the journal can encourage users to enroll as Readers for purposes of notification and to be able to identify how many regular readers there are.</p>
		]]>
	</section>
	<section title="9. How can I find additional reviewers for a submission to the journal beyond the current list of available reviewers?">
		<![CDATA[
<p>There are a number of techniques to use. Once a potential reviewer is identified by name, then their email and affiliation can be identified using a further search on the name.</p>
<ol type="a">
	<li>Use the bibliography of the paper to be reviewed to identify suitable people, and then use their full name in Google to find their institution and then their email address.</li>
	<li>Use Boolean searches in Google based on the author's keywords (e.g., postcolonialism + literature + "South Africa") to identify related online materials and people working in the same area.</li>
	<li>Based on how the author has identified the subject of the paper (see Metadata in the submission's Summary), send out queries to colleagues for the names of colleagues with expertise in the identified areas.</li>
	<li>Visit other online journals in this field to identify authors who could serve as reviewers for a specific paper in need of a reviewer.</li>
</ol>
		]]>
	</section>
	<section title="10. What are the different ways in which a journal might be able to publish in an open access format, making the journal's contents free to readers?">
		<![CDATA[
<p>You might consult consult John Willinsky's <a href="http://www.jpgmonline.com/article.asp?issn=0022-3859;year=2003;volume=49;issue=3;spage=263;epage=267;aulast=Willinsky;type=0" target="_blank">"The Nine Flavours of Open Access Scholarly Publishing"</a> in the Journal of Postgraduate Medicine. As well, the Soros Foundation has prepared a <a href="http://www.soros.org/openaccess/scholarly_guide.shtml" target="_blank">Guide to Open Access Publishing and Scholarly Societies</a> which is "a guide meant to help scholarly societies &mdash; and small publishers &mdash; assess the options available to them for the future of their journal publishing programmes." <a href="http://www.arl.org/sparc/" target="_blank">SPARC</a>, the Scholarly Publishing and Academic Resources Coalition, also provides a number of resources related to open access publishing.</p>
		]]>
	</section>
</topic>
