<?xml version="1.0" encoding="UTF-8"?>
<!DOCTYPE topic SYSTEM "../../../../lib/pkp/dtd/helpTopic.dtd">

<!--
  * 000043.xml
  *
  * Copyright (c) 2013-2019 Simon Fraser University
  * Copyright (c) 2003-2019 John Willinsky
  * Distributed under the GNU GPL v2. For full terms see the file docs/COPYING.
  *
  * Proofreader's Role - Proofreading
  *
  -->

<topic id="editorial/topic/000043" locale="vi_VN" title="Soát lỗi" toc="editorial/toc/000014" key="editorial.proofreadersRole.proofreading">
	<section>
		<![CDATA[<p>Người soát lỗi cần làm việc với từng định dạng một liệt kê trong mục các Định dạng để soát lỗi trong trang Trình bày. Ở bước này, chỉ tìm những lỗi đánh máy và định dạng. Theo phương pháp được nêu trong Hướng dẫn Soát lỗi, những lỗi này sẽ được chỉ ra trong ô Sửa lỗi. Với trình độ chuyên sâu về các tiêu chuẩn định dạng của tạp chí, Người soát lỗi cùng có thể duyệt lại những sửa lỗi của tác giả nhằm tư vấn thêm cho BTV trình bày (v.d., bỏ qua những lỗi được phát hiện nhưng không thực sự là lỗi theo các tiêu chuẩn của tạp chí).</p><p><em>Các File phụ trợ</em>. Người soát lỗi cần duyệt lại các File phụ trợ, nếu có, để phát hiện các lỗi đánh máy. Các File phụ trợ được xuất bản ở định dạng gốc của chúng, nhưng có thể có một vài điểm cần sửa hoặc điều chỉnh để tuân thủ hoàn toàn phong cách của tạp chí.</p>]]>	
	</section>
</topic>
