<?xml version="1.0" encoding="UTF-8"?>
<!DOCTYPE topic SYSTEM "../../../../lib/pkp/dtd/helpTopic.dtd">

<!--
  * 000018.xml
  *
  * Copyright (c) 2013-2019 Simon Fraser University
  * Copyright (c) 2003-2019 John Willinsky
  * Distributed under the GNU GPL v2. For full terms see the file docs/COPYING.
  *
  * Editor's Role Submissions - Archives 
  *
  -->

<topic id="editorial/topic/000018" locale="vi_VN" title="Bài cũ" toc="editorial/toc/000002" key="editorial.editorsRole.submissions.archives">
	<section>
		<![CDATA[
		<p>Những bài nộp trong danh sách này đã đi qua quá trình biên tập, bao gồm cả những bài nộp bị từ chối, bài đã được xếp để xuất bản hoặc bài đã được xuất bản. Danh sách này cho phép BTV chính và BTV chuyên mục được giao tiếp cận toàn bộ lịch sử biên tập của bài nộp (Tóm tắt, Bài nộp, Phản biện, Biên tập và Lịch sử).</p>
		<p><em>Khôi phục một bài cũ trở thành bài đang xử lý</em>. BTV chính cần vào mục Bài cũ trên trang chủ BTV chính và tìm bài nộp. Nhấp chuột vào tiêu đề của bài nộp sẽ được dẫn tới các trang Tóm tắt, Phản biện, Biên tập và Lịch sử của bài nộp, và trên trang Tóm tắt có một đường dẫn "Đưa trở lại Danh sách đang xử lý". Đường dẫn này sẽ chuyển bài nộp vào danh sách Đang hiệu đính hoặc Đang biên tập, tùy theo bài viết được đưa vào kho bài cũ ở bước nào.</p>
		]]>	
	</section>
</topic>
