<?xml version="1.0" encoding="UTF-8"?>
<!DOCTYPE toc SYSTEM "../../../../lib/pkp/dtd/helpToc.dtd">

<!--
  * 000001.xml
  *
  * Copyright (c) 2013-2019 Simon Fraser University
  * Copyright (c) 2003-2019 John Willinsky
  * Distributed under the GNU GPL v2. For full terms see the file docs/COPYING.
  *
  * table of contents for Journal Management - Management Pages. 
  *
  -->

<toc id="journal/toc/000001" locale="en_US" title="Management Pages" parent_topic="journal/topic/000001">
	<topic id="journal/topic/000034" title="Announcements" />
	<topic id="journal/topic/000010" title="Files Browser" />
	<topic id="journal/topic/000005" title="Journal Sections" />
	<topic id="journal/topic/000036" title="Review Forms" />
	<topic id="journal/topic/000007" title="Languages" />
	<topic id="journal/topic/000029" title="Masthead" />
	<topic id="journal/topic/000035" title="Payments" />
	<topic id="journal/topic/000006" title="Prepared Emails" />
	<topic id="journal/topic/000009" title="Reading Tools" />
	<topic id="journal/topic/000004" title="Setup" />
	<topic id="journal/topic/000008" title="Stats &amp; Reports" />
	<topic id="journal/topic/000025" title="Subscriptions" />
	<topic id="journal/topic/000030" title="System Plugins" />
	<topic id="journal/topic/000031" title="Import/Export Data" />

	<breadcrumb url="journal/topic/000000" title="Journal Management" />
	<breadcrumb url="journal/topic/000001" title="Management Pages" />
</toc>
