<?xml version = '1.0' encoding = 'UTF-8'?>
<!DOCTYPE topic SYSTEM "../../../../lib/pkp/dtd/helpTopic.dtd">
<!--
  * 000033.xml
  *
  * Copyright (c) 2013-2019 Simon Fraser University
  * Copyright (c) 2003-2019 John Willinsky
  * Distributed under the GNU GPL v2. For full terms see the file docs/COPYING.
  *
  * Management Pages - Merge Users
  *
  -->
<topic title="ادقام کاربران " toc="journal/toc/000002" key="journal.managementPages.mergeUsers" locale="fa_IR" id="journal/topic/000033" >
	<section><![CDATA[<p>
قسمت ادقام کاربران که در قسمت مدیریت مجله وجود دارد به مدیر مجله امکان میدهد که دو حساب کاربری از دو کاربر وب سایت را با هم ادقام کند وبا این کار وظایف ٫ مقالات وانواع سوابق اطلاعاتی یک حساب کاربری را با اطلاعات حساب کاربری دیگر ترکیب کند 
</p>
		<p>
آیتمهای زیر در طی این عملیات منتقل میشوند:
			<ul>
				<li>
مجوز تالیف مقاله 
</li>
				<li>
اظهار نظر های عمومی درباره مقالات 
</li>
				<li>
یادداشتهای همراه مقالات 
</li>
				<li>
تصمیمات و وظایف سردبیر 
</li>
				<li>
وظایف بازنگری مقالات 
</li>
				<li>
وظایف صفحه آرا
</li>
				<li>
وظایف ویرایشگرنهایی
</li>
				<li>
اطلاعات درباره وقایع مختلف وآدرس ایمیل مقالات 
</li>
				<li>
کلمه عبور برسی کنندگان مقالات 
</li>
				<li>
سمتها
</li>
			</ul>
		آیتمهای زیر
<strong>
نمیشوند:
</strong>
منتقل
			<ul>
				<li>
پروندهای کاری
</li>
				<li>
اشتراک مجله
</li>
				<li>
پیقامهای اطلاع رسانی درباره انتشار شماره بعدی مجله 
</li>
				<li
عضویت در شورای سردبیری
</li>
				<li>
وضعیت سردبیر بخش در هر بخش ازمجله
</li>
				<li>
اطلاعات پرونده شخصی کاربر (مثل نام ونام خانوادگی وغیره)
</li>
			</ul>
		</p>
		<p>
این قسمت باید با احتیاط استفاده شود زیرا تغییرات انجام شده با آن قابل برگشت نیستند و در آن اطلاعات یک کاربر با اطلاعات کاربر دیگر  ادقام میشوند 
</p>]]></section>
</topic>
