<?xml version = '1.0' encoding = 'UTF-8'?>
<!DOCTYPE topic SYSTEM "../../../../lib/pkp/dtd/helpTopic.dtd">
<!--
  * 000004.xml
  *
  * Copyright (c) 2013-2019 Simon Fraser University
  * Copyright (c) 2003-2019 John Willinsky
  * Distributed under the GNU GPL v2. For full terms see the file docs/COPYING.
  *
  * Management Pages - Setup 
  *
  -->
<topic title="تنضیمات" toc="journal/toc/000001" key="journal.managementPages.setup" locale="fa_IR" id="journal/topic/000004" >
	<section><![CDATA[<p>
مدیر ژورنال کل ژورنال را پس از نصب سیستم روی وب سرور در ۵ مرحله تنظیم میکند لازم نیست که کل این فرایند یکجا انجام شود پیش نویس هایی را میتوان تهیه و ذخیره نمود به طوری که مدیر ژورنال بتواند بعدا به قسمت تنظیمات مراجعه کرده و تغییرات لازم را اعمال کند 
</p><p>
تنظینات ژورنال در صفحات مدیریتی در اختیار مدیر میباشد و برای هر قسمت آن راهنماهایی تعریف شده است .برخی از تنظیمات حیاتی بوده و بر پایی مجله بدون آنها امکان پذیر نمی باشد و برخی دیگر اختیاری بوده و بعدا میتوان آنها را انجام داد 
</p><ul><li>
اصول برپایی مجله 
</li><li>
تماس جهت مشاوره فنی
</li><li>
چشم انداز و اهداف ژورنال 
</li><li>
بخشها و سیاست گذاریهای ژورنال
</li><li>
راهنمایی مولف
</li><li>
شروط لازم برای ارسال مقاله توسط مولفان 
</li><li>
اصول فهرست برداری و نمونه های مناسب 
</li><li>
راهکار بازنگری چند جانبه
</li><li>
راهنمایی برسی کنندگان
</li><li>
سیاست گذاریهای حفظ حقوق ناشر
</li><li>
سیاستگذاری نحوه دسترسی آزاد به مطالب  
</li><li>
شورای سردبیری - شورای برسی کنندگان
</li><li>
سیاست گذاری مشترک پذیری مجله 
</li><li>
نحوه عملکرد ویراستاران - صفحه آرایان - غلط گیران
</li></ul>]]></section>
</topic>
