<?xml version = '1.0' encoding = 'UTF-8'?>
<!DOCTYPE topic SYSTEM "../../../../lib/pkp/dtd/helpTopic.dtd">
<!--
  * 000006.xml
  *
  * Copyright (c) 2013-2019 Simon Fraser University
  * Copyright (c) 2003-2019 John Willinsky
  * Distributed under the GNU GPL v2. For full terms see the file docs/COPYING.
  *
  * Management Pages - Prepared Emails 
  *
  -->
<topic title="ایمیلهای آماده شده" toc="journal/toc/000001" key="journal.managementPages.emails" locale="fa_IR" id="journal/topic/000006" >
	<section><![CDATA[<p>
در این سیستم مجله از یک سری ایمیلهایی آماده شده برای جهت دهی به فرایند سر دبیری وچاپ استفاده میکند این ایمیلها از قبل دارای آدرسهای تعیین شدهای هستند (مثلا سردبیربخش یک سری ایمیل آماده دارد که ویراستار اعلام میکند مقاله برای ویرایش آماده است)مدیر ژورنال میتواند ایمیلهای پیش فرض را تهیه و ویرایش کند این ایمیلها همچنین پیش از ارسال امکان ویرایش توسط فرستنده را دارد سیستم به طور خودکار اطلاعات عمومی و خاص مورد نیاز را به ایمیلها اضافه میکند (مثلا عنوان ومهلت ویرایش مقاله مورد نظر ) ایمیل ارسالی همچنین قادر خواهد بود به طور خودکار به صفحات وب  خاصی رفته و برخی کارهارا انجام دهد 
</p>]]></section>
	<section title="ارسال ایمیلها" ><![CDATA[<p>
سیستم OJS از ایمیل برای هماهنگ کردن کارها در فرایندهای سردبیری و چاپ استفاده میکند تمامی ایمیلهای مورد نیاز از قبل آماده شده اند وبا کلیک کردن روی آیکن ایمیل بلافاصله ظاهر میشود ایمیلهای پیش فرض در هر مرحله ای از کار توسط مدیر مجله قابل ویرایش هستند همچنین هر ایمیل قبل از ارسال توسط کاربر نیز قابل ویرایش است وقتی آیکن ایمیل در هر قسمت از کار زده شود ایمیلی با آدرس ارسالی که توسط سیستم حدث زده شده است نشان داده میشود فرستنده میتواند توضیحاتی را در صورت لزوم بدان اضافه نماید فرستنده میتواند آدرس گیرتده و آدرس گیرندگان رونوشت ایمیل را تغییر دهد مگر اینکه ایمیل هاوی کلمه عبور یا اطلاعاتی محرمانه باشد تغییردادن آدرس گیرنده باعث تغییر آدرس ایمیل پیش فرض در دفعات بعدی نمی شود تغییر دادن دائمی آدرس پیش فرض ایمیلها مستلزم درخواست از مدیر مجله میباشد زیرا این کار در حیطه اختیارات وی است   
</p>]]></section>
</topic>
