<?xml version = '1.0' encoding = 'UTF-8'?>
<!DOCTYPE topic SYSTEM "../../../../lib/pkp/dtd/helpTopic.dtd">
<!--
  * 000012.xml
  *
  * Copyright (c) 2013-2019 Simon Fraser University
  * Copyright (c) 2003-2019 John Willinsky
  * Distributed under the GNU GPL v2. For full terms see the file docs/COPYING.
  *
  * Users - Create New User 
  *
  -->
<topic title="ایجادکاربر جدید" toc="journal/toc/000002" key="journal.users.createNewUser" locale="fa_IR" id="journal/topic/000012" >
	<section><![CDATA[<p>
مدیر مجله میتواند یک لینک با عنوان ایجاد کاربر جدید در وب سایت مجله ایجاد کرده و از آن برای ثبت نام برای ثبت نام کاربران و دادن سمت به آنها استفاده کند کاربر با لاگین شدن به وب سایت میتواند اطلاعات درخواست شده در توسط مدیر مجله را ارائه کرده و در سایت به فعالیت بپردازد  
</p><p><i>
تغییر دادن پسورد
</i>
کاربران میتوانند پسورد خود را پس از وارد شدن به سایت تغییر دهند مدیر سایت پس از تعیین کلمه عبور نمی تواند کلمه عبور یک کاربر را تغییر دهد سیستم پس ازهر بار تغییر پسورد ایمیلی به کارب میفرستد و همچنین کاربران میتوانند با کلیک بر روی    
{translate key="user.login.forgotPassword"}
لینکی که در زیر کادر واردکردن پسورد وجوددارد این ایمیل را به طور دستی دریافت کنند
</p><p><i>
استخدام یک کاربر موجود
</i><br />
مدیر مجله میتواند یک کاربر موجود را به یک یا چند سمت منصوب کند 
</p><p><i>
هماهنگ کردن کاربران 
</i><br />
هماهنگ سازی کاربران فرایندی است که تمامی کاربرانی را که سمت مشابهی دارند در یک گروه کاری قرار میدهد این کار باعث میشود گروههای کاری معمول در یک مجله بطور خودکار ایجاد شوند  
</p>]]></section>
</topic>
