<?xml version = '1.0' encoding = 'UTF-8'?>
<!DOCTYPE topic SYSTEM "../../../../lib/pkp/dtd/helpTopic.dtd">
<!--
  * 000034.xml
  *
  * Copyright (c) 2013-2019 Simon Fraser University
  * Copyright (c) 2003-2019 John Willinsky
  * Distributed under the GNU GPL v2. For full terms see the file docs/COPYING.
  *
  * Announcements 
  *
  -->
<topic title="اطلاعیه ها " toc="journal/toc/000001" key="journal.managementPages.announcements" locale="fa_IR" id="journal/topic/000034" >
	<section><![CDATA[<p>
برنامه OJSبه مدیر مجله امکا ن میدهد اطلاعیه هایی را ایجاد کند که در زمان مقرر برای بازدید کنندگان از وب سایت نمایش داده شوند این اطلاعیه ها در صفحه اطلاعیه ها در وب سایت مجله نمایش داده میشوندوصفحه اطلاعیه ها میتواند در صورت تمایل کاربر بجای صفحه اصلی سایت در ابتدای هر بازدید نمایش داده شود 
</p><p><i>
برپایی قسمت اطلاعیه ها
</i>
مدیر مجله باید در مرحله چهارم از تنظیمات اولیه مجله مشخص کند که آیا قسمت اطلاعیه ها فعا ل باشد یا نه و همچنین باید مشخص کند که آیا اطلاعیه ها در صفحه اول وب سایت نمایش داده بشوند یا نه وی همچنین میتواند متنی را برای نمایش در بالای قسمت اطلاعیه ها مشخص کند 
</p><p><i>
ایجاد اطلاعیه
</i>
مدیر مجله برای ایجاد یک اطلاعیه ابتدا نوع آن را مشخص میکند سپس عنوان آن را وارد میکند و سپس یک توضیح کوتاه درباره اطلاعیه مینویسد.توضیح کوتاه درباره اطلاعیه برای بازدید کنندگان از سایت در کنار عنوان اطلاعیه به صورت یک توضیح کوتاه نمایش داده میشودوتوضیح کامل اطلاعیه پس از اینکه کاربر روی اطلاعیه کلیک کند برای وی نمایش داده خواهد شد.تاریخ انقضای اطلاعیه نیز قابل تعیین است .اطلاعیه ها پس از سپری شدن زمان انقضا یشان دیگر قابل مشاهده نخواهند بود  
</p> ]]></section>
</topic>
