<?xml version = '1.0' encoding = 'UTF-8'?>
<!DOCTYPE topic SYSTEM "../../../../lib/pkp/dtd/helpTopic.dtd">
<!--
  * 000003.xml
  *
  * Copyright (c) 2013-2019 Simon Fraser University
  * Copyright (c) 2003-2019 John Willinsky
  * Distributed under the GNU GPL v2. For full terms see the file docs/COPYING.
  *
  * Roles Index 
  *
  -->
<topic title="سمتها" toc="journal/toc/000000" key="journal.roles.index" subtoc="journal/toc/000003" locale="fa_IR" id="journal/topic/000003" >
	<section><![CDATA[<p>
 یک فرد میتواند بیش از یک سمت داشته باشد به طوری که مثلا یک فرد به طورهمزمان به ایفای تمامی سمتها به اثتسنای برسی کننده و مولف میتواند کل مجله را اداره کند مدیر مجله حتی میتواند همزمان سردبیرکل و سردبیر بخشی از مجله هم باشد
.</p><p>
<i>
میزان دسترسی به اطلاعات بر اساس سمت فرد مشخص میشود 
</i>
هر سمت محدوده دسترسی خاصی به فرایند سر دبیری و انتشار مجله دارد مثلا مولفان و برسی کنندگان در وب سایت ژورنال در قسمت خاص خودشان فعالیت میکنندو سردبیران بخشها تنها مجاز به مشاهده مقالات ارسالی به قسمت خودشان هستند این یعنی اینکه حداقل میان کارمندان مختلف تداخل کاری ایجاد نمیشود  
</p>]]></section>
</topic>
