<?xml version="1.0" encoding="UTF-8"?>
<!DOCTYPE topic SYSTEM "../../../../lib/pkp/dtd/helpTopic.dtd">

<!--
  * 000001.xml
  *
  * Copyright (c) 2013-2019 Simon Fraser University
  * Copyright (c) 2003-2019 John Willinsky
  * Distributed under the GNU GPL v2. For full terms see the file docs/COPYING.
  *
  * Frequently Asked Questions 
  *
  -->

<topic id="intro/topic/000001" locale="ja_JP" title="FAQ" toc="intro/toc/000000" key="intro.faq">
	<section>
		<![CDATA[
<ol>
	<li><a href="#section1">OJSを使用するには、何から始めたらいいですか。</a></li>
	<li><a href="#section2">OJSの使用において、技術サポートはどこで得られますか、また、バグ報告およびシステム改良提案はどこで行うことができますか。</a></li>
	<li><a href="#section3">OJSを別の言語に翻訳するにはどうしたらいいですか。</a></li>
	<li><a href="#section4">雑誌から「現在、投稿を受け付けておりません」というメッセージを受け取りましたが、何故ですか。</a></li>
	<li><a href="#section5">雑誌での発表に先立って、査読中または「プレプリント」の状態の原稿へのアクセスを提供したい場合は、どうしたらいいですか。</a></li>
	<li><a href="#section6">雑誌についてWeb上で宣伝するにはどうしたらいいですか。</a></li>
	<li><a href="#section7">雑誌編集委員会委員の履歴を記録するにはどうしたらいいですか。</a></li>
	<li><a href="#section8">読者を査読者として登録するにはどうしたらいいですか。</a></li>
	<li><a href="#section9">投稿物に対する査読者を現在登録済みの査読者リスト以外から見つけるにはどうしたらいいですか。</a></li>
	<li><a href="#section10">雑誌をオープンアクセス形態で出版し、雑誌のコンテンツを読者に公開する方法が別にありますか。</a></li>
</ol>
		]]>	
	</section>
	<section title="1. OJSを使用するには、何から始めたらいいですか。">
		<![CDATA[
<ol type="a">
	<li>OJSを<a href="http://pkp.sfu.ca/ojs/ojs_download" target="_blank">ダウンロード</a>し、インストール手引きに従い、ソフトウェア要件を満たすWebサーバーにOJSをインストールします。</li>
	<li>OJSのインストール時に作成した管理用のユーザ名とパスワードを使ってログインします。</li>
	<li>サイト管理機能で新しい雑誌を作成します</li>
	<li>サイト管理者は自動的に新雑誌の雑誌管理者に登録されますが、必要に応じて、雑誌管理者となるユーザを新たに作成します。</li>
	<li>雑誌管理者となり、雑誌設定画面で設定のための5ステップを実行します（必ずしも一度ですべてをする必要はありません）。この結果、Webサイトで投稿を受け付け、編集プロセスを管理し、雑誌をオンラインで出版することができるようになります。</li>
	<li>OJSの使用法についての詳細は、<a href="http://pkp.sfu.ca/ojs/OJSinanHour.pdf" target="_blank">1時間でわかるOJS</a>をご覧ください。</li>
</ol>
		]]>
	</section>
	<section title="2. OJSの使用において、技術サポートはどこで得られますか、また、バグ報告およびシステム改良提案はどこで行うことができますか。">
		<![CDATA[
<p>Public Knowledgeプロジェクトが<a href="http://forum.pkp.sfu.ca/" target="_blank">サポートフォーラム</a>を運営しています。ここでは、1000件をはるかに超える意見が交換されており、回答を検索したり、質問をしたりすることができます。例えば、エラーメッセージを検索して、既知の問題に対する解決法を見つけることができます。解決法が見つからなかった場合は、<a href="mailto:pkp.contact@gmail.com">pkp.contact@gmail.com</a>に質問を送ることができます。バグ報告はPKPの<a href="https://github.com/pkp/pkp-lib#issues" target="_blank">Github issues</a>に投稿してください。</p>
		]]>
	</section>
	<section title="3. OJSを別の言語に翻訳するにはどうしたらいいですか。">
		<![CDATA[
<p>ダウンロードしたOJSに含まれているdocs/READMEファイルに方法が書かれています。翻訳に関する一般的な問題に関する情報は、<a href="http://forum.pkp.sfu.ca/" target="_blank">PKPサポートフォーラム</a>でも得ることができます。</p>
		]]>
	</section>
	<section title='4. 雑誌から「現在、投稿を受け付けておりません」というメッセージを受け取りましたが、何故ですか。'>
		<![CDATA[
<p>雑誌管理者が雑誌セクションの編集画面で作成したすべてのセクションにおいて、「編集者とセクションエディタのみ投稿可能」というオプションを選択すると、編集者とセクションエディタしか投稿ができなくなります。また、セクションがすべて削除された場合も、このメッセージが著者に提示されます。</p>
		]]>
	</section>
	<section title='5. 雑誌での発表に先立って、査読中または「プレプリント」の状態の原稿へのアクセスを提供したい場合は、どうしたらいいですか。'>
		<![CDATA[
<p>現在のところ、個々の論文のプレプリントや出版前のアクセスを提供する正式な方法はありません。該当の論文について編集者ができるのは、論文の編集ページのレイアウトにある「内容確認」のURLを使用することだけです。このURLは、該当の論文を雑誌で出版する前に（特権ユーザに）論文への「プレビュー」アクセスを提供することになります。ところで、PKPはこの機能に対する関心を調査しており、この機能を実行する明示的なオプションの作成を検討するかもしれません。</p>
		]]>
	</section>
	<section title="6. 雑誌についてWeb上で宣伝するにはどうしたらいいですか。">
		<![CDATA[
<p>あなたの雑誌は、そのうち、Googleやその他の主要なサーチエンジンに取り上げられるでしょう。しかし、同時に別の方法を取ることもできます。雑誌設定の第3ステップでPKPハーベスタに雑誌を登録してください。そうすれば、あなたの雑誌は、<a href="http://pkp.sfu.ca/harvester/" target="_blank">PKP Harvester</a>や<a href="http://oaister.umdl.umich.edu/o/oaister/" target="_blank">OAIster</a>といったオープン･アクセス･イニシアティブ準拠のインデックスに採録されることになります。あなたの雑誌がオープンアクセスなら、所属の大学の図書館員に連絡して、あなたの雑誌を図書館の電子ジャーナルリストに追加してもらい、逐次刊行物図書館員メーリングリストを通じて他の多くの研究図書館に連絡してもらうようにしてください。「論文募集」や雑誌の創刊を告知するために、関連する学会のWebサイトやメーリングリストを利用できないか調べてみてください。最後に、雑誌管理者は、雑誌設定のセキュリティとアクセスに関する設定（2.6）において、ユーザを読者として登録できるように設定し、ユーザに新しい巻号を定期的に通知できるようにしてください。</p>
		]]>
	</section>
	<section title="7. 雑誌編集委員会委員の履歴を記録するにはどうしたらいいですか。">
		<![CDATA[
<p>雑誌管理者は、雑誌管理画面の編集委員会リンクを辿ることによりこの情報を入力することができます。別の方法として、雑誌管理者は「この雑誌について」ページの新項目として「編集委員会の履歴」ページを作成することができます（雑誌設定の項目2.4）。このページでは、名前、担当身分、編集委員在籍年を記録することができます。</p>
		]]>
	</section>
	<section title="8. 読者を査読者として登録するにはどうしたらいいですか。">
		<![CDATA[
<p>雑誌設定のセキュリティとアクセスに関する設定（2.6）において、雑誌管理者は、読者を読者や著者だけでなく、査読者としても登録できるようにすることができます。査読者は一覧リストに表示され、セクションエディタはこのリストから選択して投稿物の査読を依頼します。雑誌管理者は、雑誌設定の5.7項の「読者向け」の案内で、この雑誌が読者を査読者として採用することに興味を持っていることを示す文章を追加することができます。同じ案内で、通知を受け取られるように読者として登録することを薦め、これにより定期読者がどれくらいいるかを知ることができるようにすることもできます。</p>
		]]>
	</section>
	<section title="9. 投稿物に対する査読者を現在登録済みの査読者リスト以外から見つけるにはどうしたらいいですか。">
		<![CDATA[
<p>多くの方法があります。査読者になりそうな人の名前がわかれば、その名前を使ってさらに検索することによりメールアドレスや所属を知ることができます。</p>
<ol type="a">
	<li>査読を行う論文の参考文献を使い、査読者としてふさわしい人を見つけます。そして、その人のフルネームを使ってGoogleで検索し、所属とメールアドレスを調べます。</li>
	<li>著者キーワードによる論理検索（例えば、postcolonialism + literature + "South Africa"）を使ってGoogleを検索し、関連するオンライン資料や該当分野の研究者を見つけます。</li>
	<li>著者が決めた論文の主題（投稿物の概要ページのメタデータを参照）に基づいて、知り合いの研究者にメールで該当分野の専門知識を持つ研究者を紹介してもらいます。</li>
	<li>この分野の他のオンラインジャーナルにアクセスし、論文の査読者になれそうな著者を見つけます。</li>
</ol>
		]]>
	</section>
	<section title="10. 雑誌をオープンアクセス形態で出版し、雑誌のコンテンツを読者に公開する方法が別にありますか。">
		<![CDATA[
<p>雑誌“Journal of Postgraduate Medicine”に掲載されたJohn Willinskyの<a href="http://www.jpgmonline.com/article.asp?issn=0022-3859;year=2003;volume=49;issue=3;spage=263;epage=267;aulast=Willinsky;type=0" target="_blank">「オープンアクセス学術出版の9つの特徴」</a>を参考にしてください。また、ソロス財団は<a href="http://www.soros.org/openaccess/scholarly_guide.shtml" target="_blank">オープンアクセス出版の手引きと学会</a>を作成しており、これは「学会や小規模出版社が将来の雑誌出版プログラムに利用できる選択肢にアクセスする方法を示す手引き書」です。<a href="http://www.arl.org/sparc/" target="_blank">SPARC</a>（Scholarly Publishing and Academic Resources Coalition）もオープンアクセス出版に関する数多くの資料を提供しています。</p>
		]]>
	</section>
</topic>
