<?xml version="1.0" encoding="UTF-8"?>
<!DOCTYPE topic SYSTEM "../../../../lib/pkp/dtd/helpTopic.dtd">

<!--
  * 000012.xml
  *
  * Copyright (c) 2013-2019 Simon Fraser University
  * Copyright (c) 2003-2019 John Willinsky
  * Distributed under the GNU GPL v2. For full terms see the file docs/COPYING.
  *
  * Users - Create New User 
  *
  -->

<topic id="journal/topic/000012" locale="en_US" title="Create New User" toc="journal/toc/000002" key="journal.users.createNewUser">
	<section>
		<![CDATA[<p>The Journal Manager can use the Create New User link to register someone and assign them a role, from Journal Manager to Reader. The user can, on logging in to the journal, complete and change the profile information entered by the Journal Manager.</p><p><em>Changing a password</em>. Users can change their passwords once they have logged into the journal. The Journal Manager cannot access a password once it has been assigned. However, the system will generate a new password and email it to users who click on the "{translate key="user.login.forgotPassword"}" link under the login box.</p><p><em>Enroll Existing User</em><br />
The Journal Manager can assign an existing user to one or more new roles.</p><p><em>Sync Users</em><br />
Enrollment synchronization will enroll all users enrolled in the specified role in the specified journal into the same role in this journal. This function allows a common set of users (e.g., Reviewers) to be synchronized between journals.</p>]]>
	</section>
</topic>
