<?xml version="1.0" encoding="UTF-8"?>
<!DOCTYPE topic SYSTEM "../../../../lib/pkp/dtd/helpTopic.dtd">

<!--
  * 000003.xml
  *
  * Copyright (c) 2013-2019 Simon Fraser University
  * Copyright (c) 2003-2019 John Willinsky
  * Distributed under the GNU GPL v2. For full terms see the file docs/COPYING.
  *
  * Roles Index 
  *
  -->

<topic id="journal/topic/000003" locale="en_US" title="Roles" toc="journal/toc/000000" subtoc="journal/toc/000003" key="journal.roles.index">
	<section>
		<![CDATA[<p>This journal system uses a number of traditional journal publishing roles to carry out the publishing process. One person can be registered in more than one capacity, so that the journal could, for example, be run by one person serving in all roles except Reviewer and Author. More typically, a Journal Manager may also serve as an Editor and a Section Editor. Reviewers are often registered as Authors.</p><p><em>Access limited by role</em>. Each role has its own domain of access to the editorial and publishing process. For example, Authors and Reviewers go into their own individual space within the journal's website; and Section Editors are only allowed to see the submissions to which they have been assigned. This means that in principle, at least, there is no potential conflict if a Section Editor submits an article to the journal for review and possible publication.</p>]]>	
	</section>
</topic>
